﻿{"name":"Custom","textClasses":{"label":{"color":"#1ED860","fontFace":"'Lucida Sans Unicode'","fontSize":24},"title":{"color":"#1ED860","fontSize":27,"fontFace":"'Lucida Sans Unicode'"},"callout":{"color":"#1ED860"},"header":{"color":"#1ED860"}},"dataColors":["#2CBA43","#207E1C","#3ABA2B","#4ABF3D","#5FFF6A","#FFFFFF","#000000","#266726","#3599B8","#DFBFBF","#4AC5BB","#5F6B6D","#FB8281","#F4D25A","#7F898A","#A4DDEE","#FDAB89","#B687AC","#28738A","#A78F8F","#168980","#293537","#BB4A4A","#B59525","#475052","#6A9FB0","#BD7150","#7B4F71","#1B4D5C","#706060","#0F5C55","#1C2325"],"bad":"#B54E4E","minimum":"#000000","center":"#33702F","maximum":"#2FFF00","visualStyles":{"*":{"*":{"background":[{"color":{"solid":{"color":"#000000"}}}],"border":[{"color":{"solid":{"color":"#031B00"}},"show":true,"radius":2}]}},"page":{"*":{"background":[{"color":{"solid":{"color":"#354235"}},"transparency":100}],"outspace":[{"color":{"solid":{"color":"#000000"}}}]}}}}